<?xml version="1.0" encoding="UTF-8"?>
<project-private xmlns="http://www.netbeans.org/ns/project-private/1">
    <editor-bookmarks xmlns="http://www.netbeans.org/ns/editor-bookmarks/2" lastBookmarkId="0"/>
    <open-files xmlns="http://www.netbeans.org/ns/projectui-open-files/2">
        <group>
            <file>file:/E:/Project/Restaurant%20Management/RestaurantManageMent/src/Restaurant/AEDSform.java</file>
            <file>file:/E:/Project/Restaurant%20Management/RestaurantManageMent/src/Restaurant/SalesReport.java</file>
            <file>file:/E:/Project/Restaurant%20Management/RestaurantManageMent/src/Restaurant/ShopForm.java</file>
            <file>file:/E:/Project/Restaurant%20Management/RestaurantManageMent/src/Restaurant/DBConnect.java</file>
            <file>file:/E:/Project/Restaurant%20Management/RestaurantManageMent/src/Restaurant/RestaurantManageMent.java</file>
            <file>file:/E:/Project/Restaurant%20Management/RestaurantManageMent/src/Restaurant/Login.java</file>
        </group>
    </open-files>
</project-private>
